<powerpagecomponent powerpagecomponentid="f1e65862-cd64-46b0-a8f7-c060c96b50e4">
  <content>{"value":"{\"status\":\"enable\",\"selectedThemeId\":\"f21551a1-7244-432f-ad88-220609e070d3\",\"version\":\"V2\"}"}</content>
  <iscustomizable>1</iscustomizable>
  <name>ThemeFeature</name>
  <powerpagecomponenttype>9</powerpagecomponenttype>
  <powerpagesiteid>
    <powerpagesiteid>d5fd8e4f-c57a-40f8-adbd-283f71214cce</powerpagesiteid>
  </powerpagesiteid>
  <statecode>0</statecode>
  <statuscode>1</statuscode>
</powerpagecomponent>