<powerpagecomponent powerpagecomponentid="ade64b2c-b132-4587-8d09-aad6aab973d6">
  <content>{"displayorder":2,"enabletracking":false,"excludefromsearch":true,"hiddenfromsitemap":false,"parentpageid":"370678f9-882c-4376-9ec6-aeb01facd931","partialurl":"theme.css","publishingstateid":"0c6d3621-61b7-44f6-b5f8-8de1c9138d1f"}</content>
  <filecontent mimetype="application/octet-stream">theme.css</filecontent>
  <iscustomizable>1</iscustomizable>
  <name>theme.css</name>
  <powerpagecomponenttype>3</powerpagecomponenttype>
  <powerpagesiteid>
    <powerpagesiteid>d5fd8e4f-c57a-40f8-adbd-283f71214cce</powerpagesiteid>
  </powerpagesiteid>
  <statecode>0</statecode>
  <statuscode>1</statuscode>
</powerpagecomponent>