<powerpagecomponent powerpagecomponentid="449a0e21-4e01-4fd2-838c-7dc93b4d7db6">
  <content>{"enabletracking":false,"excludefromsearch":false,"hiddenfromsitemap":false,"parentpageid":"370678f9-882c-4376-9ec6-aeb01facd931","partialurl":"Cat-PC.png","publishingstateid":"0c6d3621-61b7-44f6-b5f8-8de1c9138d1f"}</content>
  <filecontent mimetype="application/octet-stream">Cat-PC.png</filecontent>
  <iscustomizable>1</iscustomizable>
  <name>Cat-PC.png</name>
  <powerpagecomponenttype>3</powerpagecomponenttype>
  <powerpagesiteid>
    <powerpagesiteid>d5fd8e4f-c57a-40f8-adbd-283f71214cce</powerpagesiteid>
  </powerpagesiteid>
  <statecode>0</statecode>
  <statuscode>1</statuscode>
</powerpagecomponent>