<powerpagecomponent powerpagecomponentid="c5cc8170-8f65-36a7-6d68-532092700f48">
  <content>{
  "displayorder": 8,
  "weblinksetid": "3ab7aecf-d705-4acc-9794-61f105be6e6f",
  "pageid": "8758f6d9-213b-8fe0-e184-8d5d68abb89a",
  "publishingstateid": "0c6d3621-61b7-44f6-b5f8-8de1c9138d1f",
  "displaypagevalidation": false,
  "displayimageonly": false,
  "displaypagechildlinks": false,
  "openinnewwindow": false,
  "robotsfollowlink": true,
  "copy": "undefined"
}</content>
  <iscustomizable>1</iscustomizable>
  <name>OrderAttachmentPage</name>
  <powerpagecomponenttype>5</powerpagecomponenttype>
  <powerpagesiteid>
    <powerpagesiteid>d5fd8e4f-c57a-40f8-adbd-283f71214cce</powerpagesiteid>
  </powerpagesiteid>
  <statecode>0</statecode>
  <statuscode>1</statuscode>
</powerpagecomponent>