<powerpagecomponent powerpagecomponentid="0502f195-ee24-8cd3-293b-b06b084153c6">
  <content>{
  "type": 756150000,
  "display_name": "Logo URL",
  "value": "/Logo-sm-64.png",
  "copy": "undefined"
}</content>
  <iscustomizable>1</iscustomizable>
  <name>Logo URL</name>
  <powerpagecomponenttype>7</powerpagecomponenttype>
  <powerpagesiteid>
    <powerpagesiteid>d5fd8e4f-c57a-40f8-adbd-283f71214cce</powerpagesiteid>
  </powerpagesiteid>
  <powerpagesitelanguageid>
    <powerpagesitelanguageid>f524eca3-5d52-457d-aa93-fc0aaf998f1f</powerpagesitelanguageid>
  </powerpagesitelanguageid>
  <statecode>0</statecode>
  <statuscode>1</statuscode>
</powerpagecomponent>