<powerpagecomponent powerpagecomponentid="cdc75722-902d-43dc-a078-7c7c5a712a69">
  <content>{
  "filecontent": null,
  "entityname": "Orders_Attachment",
  "entitylogicalname": "annotation",
  "scope": 756150003,
  "append": true,
  "appendto": false,
  "delete": false,
  "read": false,
  "create": true,
  "write": false,
  "parentrelationship": "crc76_table1_Annotations",
  "parententitypermission": "8b65870c-1bcf-4251-8bf9-f88effe3d946",
  "contactrelationship": null,
  "accountrelationship": null,
  "childTablePermissions": [],
  "adx_entitypermission_webrole": [],
  "copy": "undefined"
}</content>
  <iscustomizable>1</iscustomizable>
  <name>Orders_Attachment</name>
  <powerpagecomponenttype>18</powerpagecomponenttype>
  <powerpagesiteid>
    <powerpagesiteid>d5fd8e4f-c57a-40f8-adbd-283f71214cce</powerpagesiteid>
  </powerpagesiteid>
  <statecode>1</statecode>
  <statuscode>2</statuscode>
</powerpagecomponent>