<powerpagecomponent powerpagecomponentid="383afd44-04e7-4cab-8eda-2093b60939d5">
  <content>{"enablerating":false,"enabletracking":false,"excludefromsearch":true,"hiddenfromsitemap":true,"isroot":true,"pagetemplateid":"ce6d64af-4890-4e4d-9c9e-70a57eb48f6b","parentpageid":"370678f9-882c-4376-9ec6-aeb01facd931","partialurl":"access-denied","publishingstateid":"0c6d3621-61b7-44f6-b5f8-8de1c9138d1f","sharedpageconfiguration":false}</content>
  <iscustomizable>1</iscustomizable>
  <name>Access Denied</name>
  <powerpagecomponenttype>2</powerpagecomponenttype>
  <powerpagesiteid>
    <powerpagesiteid>d5fd8e4f-c57a-40f8-adbd-283f71214cce</powerpagesiteid>
  </powerpagesiteid>
  <searchcontent>Access Denied</searchcontent>
  <statecode>0</statecode>
  <statuscode>1</statuscode>
</powerpagecomponent>