<powerpagecomponent powerpagecomponentid="b709d022-a240-4320-a1d1-61b7bae2e1c7">
  <content>{
  "entityname": "Child-Notes",
  "entitylogicalname": "annotation",
  "scope": 756150003,
  "append": true,
  "appendto": true,
  "delete": true,
  "read": true,
  "create": true,
  "write": true,
  "parentrelationship": "crc76_table1_Annotations",
  "parententitypermission": "8b65870c-1bcf-4251-8bf9-f88effe3d946",
  "contactrelationship": null,
  "accountrelationship": null,
  "childTablePermissions": [],
  "adx_entitypermission_webrole": [
    "9ba79ed6-27fa-4837-adfb-9969de5001a6",
    "24b11a51-049e-46a7-842f-c7c2d0a3e4d7",
    "825c0986-7a7d-45ba-8359-d8679fd784d3"
  ]
}</content>
  <iscustomizable>1</iscustomizable>
  <name>Child-Notes</name>
  <powerpagecomponenttype>18</powerpagecomponenttype>
  <powerpagesiteid>
    <powerpagesiteid>d5fd8e4f-c57a-40f8-adbd-283f71214cce</powerpagesiteid>
  </powerpagesiteid>
  <statecode>1</statecode>
  <statuscode>2</statuscode>
</powerpagecomponent>