<powerpagecomponent powerpagecomponentid="a94c12fe-8597-47aa-ae57-6a7d2b5c8eb2">
  <content>{"display_name":"Search/Results Count","value":"{{ current_page }} - {{ page_size }} of {{ searchindex.approximate_total_hits }} Results"}</content>
  <iscustomizable>1</iscustomizable>
  <name>Search/ResultsCount</name>
  <powerpagecomponenttype>7</powerpagecomponenttype>
  <powerpagesiteid>
    <powerpagesiteid>d5fd8e4f-c57a-40f8-adbd-283f71214cce</powerpagesiteid>
  </powerpagesiteid>
  <powerpagesitelanguageid>
    <powerpagesitelanguageid>f524eca3-5d52-457d-aa93-fc0aaf998f1f</powerpagesitelanguageid>
  </powerpagesitelanguageid>
  <statecode>0</statecode>
  <statuscode>1</statuscode>
</powerpagecomponent>