<powerpagecomponent powerpagecomponentid="2c890a9a-9656-af5c-e7ef-136a99186d1b">
  <content>{
  "displayorder": 9,
  "weblinksetid": "3ab7aecf-d705-4acc-9794-61f105be6e6f",
  "pageid": "f615eb00-6165-0e2b-ecc6-a59f166441ca",
  "publishingstateid": "0c6d3621-61b7-44f6-b5f8-8de1c9138d1f",
  "displaypagevalidation": false,
  "displayimageonly": false,
  "displaypagechildlinks": false,
  "openinnewwindow": false,
  "robotsfollowlink": true,
  "copy": "undefined"
}</content>
  <iscustomizable>1</iscustomizable>
  <name>OrderNotesPage-deleted</name>
  <powerpagecomponenttype>5</powerpagecomponenttype>
  <powerpagesiteid>
    <powerpagesiteid>d5fd8e4f-c57a-40f8-adbd-283f71214cce</powerpagesiteid>
  </powerpagesiteid>
  <statecode>1</statecode>
  <statuscode>2</statuscode>
</powerpagecomponent>