<powerpagecomponent powerpagecomponentid="a4c64456-f594-1506-5815-864cde9b9b62">
  <content>{
  "displayorder": 2,
  "weblinksetid": "3ab7aecf-d705-4acc-9794-61f105be6e6f",
  "pageid": "63ce95dc-ddc1-b6a4-bc03-b580c2f7988f",
  "publishingstateid": "0c6d3621-61b7-44f6-b5f8-8de1c9138d1f",
  "displaypagevalidation": false,
  "displayimageonly": false,
  "displaypagechildlinks": false,
  "openinnewwindow": false,
  "robotsfollowlink": true,
  "copy": "undefined"
}</content>
  <iscustomizable>1</iscustomizable>
  <name>ooo-deleted</name>
  <powerpagecomponenttype>5</powerpagecomponenttype>
  <powerpagesiteid>
    <powerpagesiteid>d5fd8e4f-c57a-40f8-adbd-283f71214cce</powerpagesiteid>
  </powerpagesiteid>
  <statecode>1</statecode>
  <statuscode>2</statuscode>
</powerpagecomponent>