<powerpagecomponent powerpagecomponentid="2bd13b33-47ae-4ab5-dc19-f5a611d8b62b">
  <content>{
  "displayorder": 6,
  "customcss": "",
  "customjavascript": "",
  "pagetemplateid": "ce6d64af-4890-4e4d-9c9e-70a57eb48f6b",
  "parentpageid": "370678f9-882c-4376-9ec6-aeb01facd931",
  "partialurl": "Testing",
  "isroot": false,
  "rootwebpageid": "f6295f3f-e70b-0bf6-647f-e5c76d00c7f5",
  "title": "Testing",
  "summary": "&lt;p&gt;This is a sample landing page designed to be a starting point for your website&lt;/p&gt;",
  "copy": "&lt;div class=\"row sectionBlockLayout text-start\" style=\"min-height: auto; padding: 8px;\"&gt;\n    &lt;div class=\"container\" style=\"display: flex; flex-wrap: wrap;\"&gt;\n      &lt;div class=\"col-lg-12 columnBlockLayout\" style=\"padding: 16px; margin: 60px 0px; min-height: 200px;\"&gt;&lt;/div&gt;\n    &lt;/div&gt;\n  &lt;/div&gt;\n  ",
  "publishingstateid": "0c6d3621-61b7-44f6-b5f8-8de1c9138d1f",
  "enablerating": false,
  "enabletracking": false,
  "excludefromsearch": false,
  "hiddenfromsitemap": true,
  "sharedpageconfiguration": false
}</content>
  <iscustomizable>1</iscustomizable>
  <name>Testing</name>
  <powerpagecomponenttype>2</powerpagecomponenttype>
  <powerpagesiteid>
    <powerpagesiteid>d5fd8e4f-c57a-40f8-adbd-283f71214cce</powerpagesiteid>
  </powerpagesiteid>
  <powerpagesitelanguageid>
    <powerpagesitelanguageid>f524eca3-5d52-457d-aa93-fc0aaf998f1f</powerpagesitelanguageid>
  </powerpagesitelanguageid>
  <searchcontent>Testing&lt;div class="row sectionBlockLayout text-start" style="min-height: auto; padding: 8px;"&gt;
    &lt;div class="container" style="display: flex; flex-wrap: wrap;"&gt;
      &lt;div class="col-lg-12 columnBlockLayout" style="padding: 16px; margin: 60px 0px; min-height: 200px;"&gt;&lt;/div&gt;
    &lt;/div&gt;
  &lt;/div&gt;
  Testing</searchcontent>
  <statecode>0</statecode>
  <statuscode>1</statuscode>
</powerpagecomponent>