<powerpagesitelanguages>
  <powerpagesitelanguage powerpagesitelanguageid="f524eca3-5d52-457d-aa93-fc0aaf998f1f">
    <content>{"publishingstate":"0c6d3621-61b7-44f6-b5f8-8de1c9138d1f","systemlanguage":1033}</content>
    <displayname>English</displayname>
    <iscustomizable>1</iscustomizable>
    <languagecode>en-US</languagecode>
    <lcid>1033</lcid>
    <name>English</name>
    <powerpagesiteid>
      <powerpagesiteid>d5fd8e4f-c57a-40f8-adbd-283f71214cce</powerpagesiteid>
    </powerpagesiteid>
    <statecode>0</statecode>
    <statuscode>1</statuscode>
  </powerpagesitelanguage>
</powerpagesitelanguages>