<powerpagecomponent powerpagecomponentid="e539d951-414f-4dd0-5925-545580afe349">
  <content>{
  "filecontent": null,
  "displayorder": 8,
  "customcss": "",
  "customjavascript": "",
  "pagetemplateid": "ce6d64af-4890-4e4d-9c9e-70a57eb48f6b",
  "parentpageid": "370678f9-882c-4376-9ec6-aeb01facd931",
  "partialurl": "OrderAttachmentPage",
  "isroot": false,
  "rootwebpageid": "8758f6d9-213b-8fe0-e184-8d5d68abb89a",
  "title": "OrderAttachmentPage",
  "summary": "&lt;p&gt;This is a sample landing page designed to be a starting point for your website&lt;/p&gt;",
  "copy": "&lt;div id=\"iea22p\" class=\"row sectionBlockLayout text-start\" style=\"display: flex; flex-wrap: wrap; margin: 0px; min-height: auto; padding: 8px;\"&gt;\n  &lt;div id=\"iprvam\" class=\"container\" style=\"padding: 0px; display: flex; flex-wrap: wrap;\"&gt;&lt;div class=\"col-lg-12 columnBlockLayout\" style=\"flex-grow: 1; display: flex; flex-direction: column; min-width: 250px; word-break: break-word;\"&gt;{% include 'entity_list' key: 'Table1 Lookup View' AISummaryTitle: 'AI Summary' isAISummaryExpanded: 'true' isAISummaryEnabled: 'false'%}&lt;/div&gt;&lt;/div&gt;\n&lt;/div&gt;\n",
  "publishingstateid": "0c6d3621-61b7-44f6-b5f8-8de1c9138d1f",
  "enablerating": false,
  "enabletracking": false,
  "excludefromsearch": false,
  "hiddenfromsitemap": true,
  "sharedpageconfiguration": false
}</content>
  <iscustomizable>1</iscustomizable>
  <name>OrderAttachmentPage</name>
  <powerpagecomponenttype>2</powerpagecomponenttype>
  <powerpagesiteid>
    <powerpagesiteid>d5fd8e4f-c57a-40f8-adbd-283f71214cce</powerpagesiteid>
  </powerpagesiteid>
  <powerpagesitelanguageid>
    <powerpagesitelanguageid>f524eca3-5d52-457d-aa93-fc0aaf998f1f</powerpagesitelanguageid>
  </powerpagesitelanguageid>
  <searchcontent>OrderAttachmentPage&lt;div id="iea22p" class="row sectionBlockLayout text-start" style="display: flex; flex-wrap: wrap; margin: 0px; min-height: auto; padding: 8px;"&gt;
  &lt;div id="iprvam" class="container" style="padding: 0px; display: flex; flex-wrap: wrap;"&gt;&lt;div class="col-lg-12 columnBlockLayout" style="flex-grow: 1; display: flex; flex-direction: column; min-width: 250px; word-break: break-word;"&gt;{% include 'entity_list' key: 'Table1 Lookup View' AISummaryTitle: 'AI Summary' isAISummaryExpanded: 'true' isAISummaryEnabled: 'false'%}&lt;/div&gt;&lt;/div&gt;
&lt;/div&gt;
OrderAttachmentPage</searchcontent>
  <statecode>0</statecode>
  <statuscode>1</statuscode>
</powerpagecomponent>