<powerpagecomponent powerpagecomponentid="4c0067b3-51b3-b208-3755-e55b309102ea">
  <content>{
  "displayorder": 5,
  "weblinksetid": "3ab7aecf-d705-4acc-9794-61f105be6e6f",
  "pageid": "bd77b288-ae23-8de1-4798-ab62b9f28c05",
  "publishingstateid": "0c6d3621-61b7-44f6-b5f8-8de1c9138d1f",
  "displaypagevalidation": false,
  "displayimageonly": false,
  "displaypagechildlinks": false,
  "openinnewwindow": false,
  "robotsfollowlink": true,
  "copy": "undefined"
}</content>
  <iscustomizable>1</iscustomizable>
  <name>TestAzureBlob</name>
  <powerpagecomponenttype>5</powerpagecomponenttype>
  <powerpagesiteid>
    <powerpagesiteid>d5fd8e4f-c57a-40f8-adbd-283f71214cce</powerpagesiteid>
  </powerpagesiteid>
  <statecode>0</statecode>
  <statuscode>1</statuscode>
</powerpagecomponent>