<powerpagecomponent powerpagecomponentid="4ee15d81-8b2b-4e7f-97b2-a9a3ef17fa0a">
  <content>{"source":"&lt;ul class=\"dropdown-menu\" role=\"menu\"&gt;\r\n  {% assign ordered_languages = page.languages | order_by: \"name\" %}\r\n  {% for language in ordered_languages %}\r\n    &lt;li role=\"menuitem\"&gt;\r\n      &lt;a class=\"dropdown-item\"  href=\"/{{ language.url_substitution }}\" title=\"{{ language.name }}\" data-code=\"{{ language.code }}\"&gt;{{ language.name }}&lt;/a&gt;\r\n    &lt;/li&gt;\r\n  {% endfor %}\r\n&lt;/ul&gt;"}</content>
  <iscustomizable>1</iscustomizable>
  <name>Languages Dropdown</name>
  <powerpagecomponenttype>8</powerpagecomponenttype>
  <powerpagesiteid>
    <powerpagesiteid>d5fd8e4f-c57a-40f8-adbd-283f71214cce</powerpagesiteid>
  </powerpagesiteid>
  <statecode>0</statecode>
  <statuscode>1</statuscode>
</powerpagecomponent>