<powerpagecomponent powerpagecomponentid="2cdce0ab-3d70-4402-bc7e-6dd8bbe9ad12">
  <content>{
  "filecontent": null,
  "entityname": "FilePermission",
  "entitylogicalname": "crc76_media",
  "scope": 756150000,
  "append": true,
  "appendto": true,
  "delete": true,
  "read": true,
  "create": true,
  "write": true,
  "parentrelationship": null,
  "parententitypermission": null,
  "contactrelationship": null,
  "accountrelationship": null,
  "childTablePermissions": [],
  "adx_entitypermission_webrole": [
    "9ba79ed6-27fa-4837-adfb-9969de5001a6",
    "24b11a51-049e-46a7-842f-c7c2d0a3e4d7",
    "825c0986-7a7d-45ba-8359-d8679fd784d3"
  ],
  "copy": "undefined"
}</content>
  <iscustomizable>1</iscustomizable>
  <name>FilePermission</name>
  <powerpagecomponenttype>18</powerpagecomponenttype>
  <powerpagesiteid>
    <powerpagesiteid>d5fd8e4f-c57a-40f8-adbd-283f71214cce</powerpagesiteid>
  </powerpagesiteid>
  <statecode>0</statecode>
  <statuscode>1</statuscode>
</powerpagecomponent>