<powerpagecomponent powerpagecomponentid="5fa91428-1213-4fbf-83f1-6c3817821274">
  <content>{"copy":"&lt;div class=\"row sectionBlockLayout\" style=\"display: flex; flex-wrap: wrap; min-height: 50px; background: var(--portalThemeColor5);\"&gt;&lt;/div&gt;\r\n&lt;div class=\"row sectionBlockLayout\" style=\"display: flex; flex-wrap: wrap; min-height: 50px; background: var(--portalThemeColor6);\"&gt;&lt;/div&gt;\r\n&lt;div class=\"row sectionBlockLayout\" style=\"display: flex; flex-wrap: wrap; text-align: left; min-height: 374px;\"&gt;\r\n  &lt;div class=\"container\" style=\"padding: 0px; display: flex; flex-wrap: wrap;\"&gt;\r\n    &lt;div class=\"col-lg-12 columnBlockLayout\" style=\"flex-grow: 1; display: flex; flex-direction: column; min-width: 300px; padding: 16px;\"&gt;&lt;img src=\"/Cat-PC.png\" alt=\"\" name=\"Cat-PC.png\" style=\"width: 200px; height: 161px; margin-left: auto; margin-right: auto;\"&gt;\r\n      &lt;h2 style=\"text-align: center; color: var(--portalThemeColor4);\"&gt;Page not found&lt;/h2&gt;\r\n      &lt;p style=\"text-align: center; color: var(--portalThemeColor8);\"&gt;Check the link and try again&lt;/p&gt;\r\n    &lt;/div&gt;\r\n  &lt;/div&gt;\r\n&lt;/div&gt;\r\n&lt;div class=\"row sectionBlockLayout\" style=\"display: flex; flex-wrap: wrap; min-height: 315px; background: var(--portalThemeColor1);\"&gt;&lt;/div&gt;","enablerating":false,"enabletracking":false,"excludefromsearch":true,"hiddenfromsitemap":true,"isroot":false,"pagetemplateid":"ce6d64af-4890-4e4d-9c9e-70a57eb48f6b","parentpageid":"370678f9-882c-4376-9ec6-aeb01facd931","partialurl":"page-not-found","publishingstateid":"0c6d3621-61b7-44f6-b5f8-8de1c9138d1f","rootwebpageid":"3e018341-5ba8-41ea-a63f-74279c8a53ef","sharedpageconfiguration":false}</content>
  <iscustomizable>1</iscustomizable>
  <name>Page Not Found</name>
  <powerpagecomponenttype>2</powerpagecomponenttype>
  <powerpagesiteid>
    <powerpagesiteid>d5fd8e4f-c57a-40f8-adbd-283f71214cce</powerpagesiteid>
  </powerpagesiteid>
  <powerpagesitelanguageid>
    <powerpagesitelanguageid>f524eca3-5d52-457d-aa93-fc0aaf998f1f</powerpagesitelanguageid>
  </powerpagesitelanguageid>
  <searchcontent>&lt;div class="row sectionBlockLayout" style="display: flex; flex-wrap: wrap; min-height: 50px; background: var(--portalThemeColor5);"&gt;&lt;/div&gt;
&lt;div class="row sectionBlockLayout" style="display: flex; flex-wrap: wrap; min-height: 50px; background: var(--portalThemeColor6);"&gt;&lt;/div&gt;
&lt;div class="row sectionBlockLayout" style="display: flex; flex-wrap: wrap; text-align: left; min-height: 374px;"&gt;
  &lt;div class="container" style="padding: 0px; display: flex; flex-wrap: wrap;"&gt;
    &lt;div class="col-lg-12 columnBlockLayout" style="flex-grow: 1; display: flex; flex-direction: column; min-width: 300px; padding: 16px;"&gt;&lt;img src="/Cat-PC.png" alt="" name="Cat-PC.png" style="width: 200px; height: 161px; margin-left: auto; margin-right: auto;"&gt;
      &lt;h2 style="text-align: center; color: var(--portalThemeColor4);"&gt;Page not found&lt;/h2&gt;
      &lt;p style="text-align: center; color: var(--portalThemeColor8);"&gt;Check the link and try again&lt;/p&gt;
    &lt;/div&gt;
  &lt;/div&gt;
&lt;/div&gt;
&lt;div class="row sectionBlockLayout" style="display: flex; flex-wrap: wrap; min-height: 315px; background: var(--portalThemeColor1);"&gt;&lt;/div&gt;Page Not Found</searchcontent>
  <statecode>0</statecode>
  <statuscode>1</statuscode>
</powerpagecomponent>