<powerpagecomponent powerpagecomponentid="4175dfa5-ed98-4b06-9775-1bac6ed71309">
  <content>{"disablepagevalidation":false,"displayimageonly":false,"displayorder":1,"displaypagechildlinks":false,"openinnewwindow":false,"pageid":"a984ad40-6bd3-439a-8149-b898c50845ec","publishingstateid":"0c6d3621-61b7-44f6-b5f8-8de1c9138d1f","robotsfollowlink":true,"weblinksetid":"8899422f-9f4b-4274-b553-c200b31d1b52"}</content>
  <iscustomizable>1</iscustomizable>
  <name>Profile</name>
  <powerpagecomponenttype>5</powerpagecomponenttype>
  <powerpagesiteid>
    <powerpagesiteid>d5fd8e4f-c57a-40f8-adbd-283f71214cce</powerpagesiteid>
  </powerpagesiteid>
  <statecode>0</statecode>
  <statuscode>1</statuscode>
</powerpagecomponent>