<powerpagecomponent powerpagecomponentid="657cb4ef-4b6d-4c96-c06f-86aa30d8ab1e">
  <content>{
  "filecontent": null,
  "displayorder": 3,
  "customcss": "",
  "customjavascript": "",
  "pagetemplateid": "ce6d64af-4890-4e4d-9c9e-70a57eb48f6b",
  "parentpageid": "370678f9-882c-4376-9ec6-aeb01facd931",
  "partialurl": "test-deleted",
  "isroot": false,
  "rootwebpageid": "3440690f-5ab7-ac43-3e2f-21d9f9cbbd33",
  "title": "test",
  "summary": "&lt;p&gt;This is a sample landing page designed to be a starting point for your website&lt;/p&gt;",
  "copy": "&lt;div class=\"row sectionBlockLayout text-start\" style=\"min-height: auto; padding: 8px;\"&gt;\n    &lt;div class=\"container\" style=\"display: flex; flex-wrap: wrap;\"&gt;\n      &lt;div class=\"col-lg-12 columnBlockLayout\" style=\"padding: 16px; margin: 60px 0px; min-height: 200px;\"&gt;&lt;/div&gt;\n    &lt;/div&gt;\n  &lt;/div&gt;\n  ",
  "publishingstateid": "0c6d3621-61b7-44f6-b5f8-8de1c9138d1f",
  "enablerating": false,
  "enabletracking": false,
  "excludefromsearch": false,
  "hiddenfromsitemap": true,
  "sharedpageconfiguration": false
}</content>
  <iscustomizable>1</iscustomizable>
  <name>test-deleted</name>
  <powerpagecomponenttype>2</powerpagecomponenttype>
  <powerpagesiteid>
    <powerpagesiteid>d5fd8e4f-c57a-40f8-adbd-283f71214cce</powerpagesiteid>
  </powerpagesiteid>
  <powerpagesitelanguageid>
    <powerpagesitelanguageid>f524eca3-5d52-457d-aa93-fc0aaf998f1f</powerpagesitelanguageid>
  </powerpagesitelanguageid>
  <searchcontent>test&lt;div class="row sectionBlockLayout text-start" style="min-height: auto; padding: 8px;"&gt;
    &lt;div class="container" style="display: flex; flex-wrap: wrap;"&gt;
      &lt;div class="col-lg-12 columnBlockLayout" style="padding: 16px; margin: 60px 0px; min-height: 200px;"&gt;&lt;/div&gt;
    &lt;/div&gt;
  &lt;/div&gt;
  test-deleted</searchcontent>
  <statecode>1</statecode>
  <statuscode>2</statuscode>
</powerpagecomponent>